net,length_um
net84,366.71µm
clknet_0_clk,303.6µm
r2_mantissa\[13\],204.61µm
r2_mantissa\[9\],203.77µm
net285,203.3µm
net54,183.14µm
net270,177.11µm
net294,175.45µm
net281,165.57µm
net81,163.93µm
net57,163.66µm
net303,158.97µm
clk,155.53µm
clknet_4_11_0_clk,152.8µm
net51,150.1µm
net595,145.38µm
net280,142.655µm
net357,141.21µm
net278,140.16µm
net305,138.28µm
r4_acc\[15\],136.42µm
clknet_4_10_0_clk,129.08µm
b_out[12],128.93µm
net465,126.74µm
net76,126.6µm
net175,123.45µm
net213,123.115µm
net343,121.32µm
net304,120.995µm
net269,120.94µm
net230,120.17µm
net287,118.57µm
net348,118.48µm
net556,115.9µm
net267,115.445µm
net381,115.4µm
net579,114.2µm
net475,113.505µm
net347,112.06µm
net78,112.06µm
net169,110.525µm
_0635_,109.64µm
_1016_,108.44µm
b_in[13],107.64µm
net207,107.12µm
net200,106.96µm
net379,106.7µm
net212,106.205µm
net349,106.04µm
net355,105.78µm
_0648_,104.26µm
b_in[12],104.06µm
_0439_,103.94µm
net466,103.91µm
net268,103.2µm
net403,102.7µm
net643,101.4µm
net275,101.1µm
s1_sign_a,100.28µm
b_out[10],100.26µm
_0644_,100.12µm
net229,100.04µm
net219,99.06µm
net79,98.33µm
b_in[10],98.06µm
net536,97.04µm
net151,96.86µm
net262,96.745µm
r2_mantissa\[0\],96.58µm
_0592_,96.28µm
net199,94.82µm
net260,94.68µm
clknet_4_13_0_clk,94.14µm
b_in[11],94.02µm
net250,91.12µm
_0077_,91.08µm
net292,90.625µm
r2_sign,90.37µm
_0572_,89.98µm
b_in[9],89.72µm
_0638_,89.52µm
net205,89.475µm
net274,89.26µm
net239,89.135µm
_0075_,89.06µm
clknet_4_8_0_clk,88.6µm
net282,88.51µm
net480,87.88µm
net545,87.84µm
net299,87.32µm
_0527_,87.13µm
net510,86.42µm
b_out[13],86.19µm
b_out[14],86.19µm
net486,86.19µm
net380,85.88µm
net473,85.84µm
net276,85.535µm
_0958_,85.16µm
net201,84.965µm
net211,84.74µm
net286,84.28µm
clknet_4_4_0_clk,84.16µm
clknet_4_14_0_clk,84.1µm
net266,84.01µm
net288,83.86µm
net453,83.14µm
net289,82.94µm
clknet_4_9_0_clk,82.86µm
net271,82.62µm
net395,82.6µm
b_out[11],82.28µm
net77,82.18µm
net301,82.14µm
net647,82.08µm
clknet_4_15_0_clk,81.86µm
_0577_,81.5µm
net243,81.47µm
net263,81.24µm
_0438_,81.02µm
_0315_,80.68µm
net284,80.39µm
net428,80.32µm
net218,80.205µm
net209,79.94µm
net300,79.7µm
net204,79.62µm
_0432_,79.2µm
_0640_,79.145µm
net82,79.1µm
net80,78.84µm
net306,78.74µm
_0076_,78.54µm
net581,77.76µm
net277,77.12µm
_0074_,76.34µm
net382,76.16µm
net461,76.16µm
net227,75.98µm
net228,75.78µm
net265,75.48µm
net624,75.48µm
b_in[8],75.25µm
net397,74.7µm
net297,74.085µm
_0078_,73.92µm
net344,73.88µm
_0548_,73.48µm
net222,73.24µm
net240,73.03µm
b_in[14],72.89µm
net261,72.07µm
net600,71.92µm
net215,71.82µm
net224,71.8µm
_0594_,71.66µm
net474,71.4µm
net259,70.805µm
_0600_,70.74µm
net223,70.58µm
net208,70.5µm
net454,70.465µm
net241,70µm
clknet_4_12_0_clk,69.08µm
b_out[15],68.82µm
net295,68.67µm
a_out[11],68.56µm
net255,68.32µm
net487,67.945µm
net242,67.735µm
net387,67.46µm
valid_s1,67.32µm
net568,67.31µm
net425,66.79µm
net272,66.64µm
_0528_,66.54µm
_0855_,66.33µm
net451,66.225µm
net264,66.125µm
net652,65.91µm
a_in[14],65.72µm
net339,65.55µm
net682,65.48µm
net574,65.08µm
net214,64.86µm
r4_acc\[0\],64.77µm
_0610_,64.515µm
net83,64.5µm
r3_prod_sign,64.3µm
clknet_4_0_0_clk,64.18µm
net291,63.745µm
net570,63.7µm
_0003_,62.86µm
clknet_4_2_0_clk,62.52µm
net450,62.15µm
net354,62.06µm
net351,61.68µm
r4_acc\[3\],61.42µm
net648,61.3µm
_0762_,61.06µm
b_out[3],61.03µm
net394,60.86µm
net290,60.725µm
clknet_4_5_0_clk,60.59µm
net564,60.45µm
_0603_,60.36µm
net507,60.28µm
net641,60.28µm
_0654_,60.245µm
load_weight,60.13µm
r2_mantissa\[4\],59.9µm
net251,59.64µm
net458,59.34µm
net399,59.2µm
net575,58.45µm
net298,58.23µm
net431,58.14µm
a_in[11],58.12µm
a_in[8],57.98µm
net335,57.92µm
a_in[10],57.5µm
a_in[6],57.39µm
net279,57.16µm
net296,57.06µm
a_out[14],57.02µm
clknet_4_6_0_clk,57.02µm
net459,56.94µm
net235,56.74µm
net408,56.64µm
net658,56.34µm
b_in[4],55.97µm
b_out[8],55.97µm
a_in[12],55.7µm
net233,55.69µm
b_in[6],55.65µm
b_in[5],55.55µm
net383,55.54µm
net232,55.46µm
net302,55.27µm
_0000_,55.1µm
r2_mantissa\[1\],55.1µm
_0828_,55.06µm
_0221_,54.94µm
net679,54.8µm
r2_mantissa\[12\],54.795µm
_0912_,54.78µm
net392,54.54µm
net429,54.26µm
net400,54.08µm
a_in[5],53.61µm
net483,53.56µm
a_in[7],53.49µm
_1121_,53.14µm
net532,52.94µm
net328,52.74µm
net549,52.62µm
net571,52.58µm
net398,52.38µm
a_in[13],52.18µm
net656,51.72µm
_0399_,51.59µm
net293,51.33µm
net203,51.31µm
net467,50.98µm
net396,50.72µm
_0604_,50.7µm
net477,50.66µm
net607,50.5µm
net308,50µm
net625,49.7µm
net681,49.64µm
net620,49.36µm
net555,49.32µm
net238,49.28µm
r2_mantissa\[8\],49.19µm
net587,49.16µm
r2_mantissa\[11\],49.09µm
_0744_,49.07µm
b_in[15],48.89µm
net206,48.46µm
clknet_4_7_0_clk,48.44µm
net384,48.14µm
net678,48.1µm
net361,47.755µm
_0375_,47.66µm
_0073_,47.52µm
net501,47.43µm
net254,47.08µm
net653,47.04µm
a_in[9],46.78µm
b_in[7],46.55µm
b_out[7],46.55µm
r4_acc\[2\],46.34µm
r2_mantissa\[5\],46.225µm
_0031_,45.9µm
r2_mantissa\[10\],45.72µm
_0326_,45.48µm
net258,45.345µm
net550,45µm
_0928_,44.99µm
net307,44.9µm
a_in[2],44.79µm
net489,44.72µm
net273,44.68µm
net319,44.49µm
_0834_,44.12µm
net631,44.05µm
_0919_,43.95µm
a_in[3],43.83µm
net543,43.48µm
net462,43.24µm
_0425_,42.76µm
r4_acc\[10\],42.735µm
b_in[3],42.49µm
_0938_,42.24µm
a_in[4],41.69µm
net460,41.605µm
_0070_,41.51µm
a_in[15],41.28µm
net256,41.16µm
_0001_,41.06µm
net680,41.06µm
_0197_,40.98µm
net245,40.92µm
_1269_,40.78µm
net410,40.75µm
_0693_,40.695µm
net513,40.21µm
net417,40.07µm
_0833_,40.06µm
net484,39.945µm
a_in[1],39.25µm
r4_acc\[12\],39.18µm
net247,39.16µm
net577,39.12µm
net537,38.8µm
_0382_,38.7µm
_0886_,38.45µm
net234,38.31µm
r2_mantissa\[14\],38.285µm
net316,38.24µm
_0873_,38.09µm
_0423_,38.08µm
_0880_,38µm
_0419_,37.98µm
_0914_,37.74µm
b_in[2],37.73µm
r4_acc\[1\],37.7µm
net391,37.555µm
net508,37.48µm
_0088_,37.38µm
net566,37.3µm
net520,37.28µm
net524,37.2µm
b_out[4],37.15µm
net542,37µm
_0643_,36.96µm
_1234_,36.94µm
net321,36.8µm
net393,36.7µm
_0420_,36.54µm
net565,36.52µm
r2_mantissa\[2\],36.48µm
net476,36.32µm
_0899_,36.28µm
net236,36.12µm
r4_acc\[14\],36.12µm
_0853_,36.1µm
_0128_,35.98µm
net210,35.68µm
b_out[5],35.65µm
net533,35.58µm
_0629_,35.45µm
_0619_,35.36µm
net544,34.92µm
net202,34.82µm
net504,34.58µm
_0954_,34.46µm
net494,34.4µm
_0821_,34.12µm
_1153_,33.86µm
clknet_4_1_0_clk,33.82µm
_0308_,33.8µm
_0850_,33.68µm
_1151_,33.58µm
_0072_,33.54µm
r4_acc\[7\],33.5µm
_0736_,33.35µm
_1233_,33.3µm
_1000_,33.22µm
net512,33.12µm
r4_acc\[4\],33.06µm
_0589_,32.98µm
net452,32.98µm
net244,32.96µm
_0560_,32.92µm
net560,32.92µm
_1107_,32.9µm
net413,32.86µm
_1004_,32.72µm
_1150_,32.64µm
_0368_,32.54µm
_0252_,32.5µm
_0774_,32.46µm
_1245_,32.4µm
net511,32.13µm
net314,32.12µm
_0931_,32.08µm
_0605_,32.05µm
_0150_,31.98µm
_1106_,31.86µm
net632,31.68µm
_0161_,31.46µm
_0324_,31.26µm
net617,31.22µm
_0734_,31.2µm
r4_acc\[13\],31.06µm
_0884_,30.86µm
b_out[6],30.67µm
_0860_,30.64µm
_0746_,30.25µm
_0386_,29.9µm
r4_acc\[8\],29.74µm
clknet_4_3_0_clk,29.72µm
net336,29.3µm
net225,29.28µm
r2_mantissa\[6\],29.21µm
_1154_,29.18µm
_0727_,29.16µm
net342,29.12µm
r4_acc\[5\],29.1µm
net588,29.06µm
_1002_,28.92µm
net345,28.88µm
a_in[0],28.79µm
_0689_,28.74µm
net572,28.72µm
r4_acc\[6\],28.7µm
_0865_,28.68µm
_0198_,28.48µm
r4_acc\[11\],28.48µm
net426,28.36µm
_0298_,28.24µm
_1056_,28.24µm
_1074_,28.2µm
r2_mantissa\[3\],28.18µm
_0219_,28.1µm
net636,28.06µm
_0563_,27.9µm
_0063_,27.88µm
_0105_,27.79µm
_1108_,27.78µm
_0428_,27.74µm
_0142_,27.62µm
net313,27.6µm
net441,27.56µm
_0178_,27.45µm
net478,27.425µm
net597,27.365µm
_0069_,27.34µm
_0957_,27.34µm
_1270_,27.28µm
_0803_,27.26µm
_0697_,27.24µm
net418,27.24µm
_1202_,27.2µm
net538,27.18µm
_1128_,27.1µm
net389,27.1µm
b_out[2],26.99µm
_1179_,26.98µm
_0132_,26.94µm
net248,26.86µm
_1119_,26.7µm
_0094_,26.66µm
net529,26.48µm
_0194_,26.28µm
net378,26.26µm
_1254_,26.22µm
_0429_,26.2µm
r3_prod_mant\[6\],26.06µm
_0698_,25.82µm
net580,25.78µm
net388,25.64µm
net468,25.51µm
_1058_,25.5µm
net506,25.465µm
b_out[9],25.44µm
_0422_,25.42µm
_1204_,25.36µm
_1029_,25.34µm
_0079_,25.22µm
net582,25.14µm
net438,25.1µm
net464,25.1µm
net455,24.96µm
_1177_,24.94µm
_0551_,24.92µm
_1155_,24.92µm
_1057_,24.6µm
_1005_,24.58µm
net563,24.46µm
_0153_,24.44µm
_0825_,24.44µm
_0327_,24.42µm
_1127_,24.38µm
_1226_,24.32µm
net423,24.31µm
_0779_,24.3µm
_1212_,24.18µm
_1203_,24.16µm
_1260_,24.06µm
_0904_,23.98µm
r2_mantissa\[7\],23.915µm
_0804_,23.9µm
_0380_,23.88µm
_0614_,23.86µm
net554,23.84µm
net591,23.83µm
net639,23.74µm
_0371_,23.68µm
_0416_,23.56µm
net386,23.52µm
net390,23.5µm
net495,23.48µm
net615,23.46µm
_0971_,23.3µm
net492,23.28µm
_0418_,23.24µm
_0816_,23.21µm
_0972_,23.18µm
net561,23.18µm
net471,23.06µm
_0666_,22.96µm
net553,22.72µm
_0757_,22.7µm
_0288_,22.68µm
_0068_,22.6µm
_0877_,22.58µm
_0893_,22.56µm
_0262_,22.53µm
a_out[10],22.52µm
_0861_,22.47µm
r4_acc\[9\],22.44µm
_0404_,22.38µm
_0595_,22.3µm
_0927_,22.29µm
_0215_,22.26µm
_1274_,22.26µm
_0569_,22.24µm
net337,22.24µm
net509,22.165µm
a_out[12],22.08µm
r3_prod_mant\[8\],22.06µm
_0401_,22.04µm
_1075_,22µm
net527,21.98µm
_0547_,21.92µm
_1095_,21.92µm
b_in[1],21.91µm
net535,21.82µm
b_out[1],21.77µm
net231,21.715µm
_0343_,21.68µm
net332,21.66µm
_0968_,21.6µm
_1006_,21.6µm
_1165_,21.5µm
net463,21.465µm
_1293_,21.46µm
_0625_,21.42µm
net311,21.38µm
net552,21.325µm
_0567_,21.32µm
_1071_,21.28µm
_0071_,21.24µm
net434,21.12µm
_0330_,21.08µm
_1217_,21.07µm
_0148_,21.04µm
net237,20.96µm
_0328_,20.94µm
net493,20.9µm
_1247_,20.89µm
_0943_,20.88µm
_1221_,20.86µm
_1168_,20.84µm
_0680_,20.74µm
_1289_,20.74µm
r3_prod_mant\[4\],20.56µm
_0005_,20.55µm
net479,20.5µm
_0322_,20.46µm
_1287_,20.46µm
_0359_,20.445µm
_1028_,20.4µm
net485,20.36µm
_0260_,20.34µm
r3_prod_mant\[11\],20.24µm
net414,20.2µm
_0392_,20.12µm
_1076_,20.1µm
compute_enable,20.05µm
net456,20.02µm
_1042_,19.92µm
net444,19.92µm
b_out[0],19.85µm
_0329_,19.74µm
net257,19.72µm
_0346_,19.66µm
_1162_,19.66µm
_1109_,19.54µm
net505,19.54µm
_1192_,19.5µm
net546,19.48µm
acc_out[3],19.38µm
_0874_,19.28µm
r3_prod_mant\[1\],19.22µm
_1290_,19.08µm
net502,18.985µm
_0713_,18.93µm
_1146_,18.92µm
acc_out[1],18.92µm
net481,18.915µm
_0169_,18.84µm
_0588_,18.7µm
reset,18.63µm
net340,18.62µm
r3_prod_mant\[14\],18.56µm
net666,18.54µm
_0278_,18.52µm
net599,18.5µm
net249,18.4µm
_0711_,18.36µm
_0818_,18.36µm
net432,18.32µm
_0599_,18.3µm
_0767_,18.29µm
_0642_,18.28µm
_0799_,18.28µm
_1263_,18.24µm
net327,18.14µm
net619,18.14µm
_0716_,18.12µm
_1050_,18.12µm
_1145_,18.12µm
_0819_,17.98µm
_0242_,17.96µm
net470,17.94µm
_0710_,17.78µm
_1282_,17.76µm
_0360_,17.74µm
_1122_,17.74µm
net315,17.7µm
_0892_,17.64µm
_1065_,17.36µm
_0721_,17.34µm
_0210_,17.2µm
_0244_,17.17µm
_0458_,17.16µm
_0151_,17.14µm
_0222_,17.14µm
_0581_,17.08µm
_0729_,16.98µm
_0258_,16.96µm
_0973_,16.92µm
_0292_,16.86µm
_0349_,16.82µm
_0701_,16.8µm
net629,16.7µm
_0878_,16.64µm
_0325_,16.56µm
net526,16.56µm
net654,16.44µm
_0518_,16.42µm
_1253_,16.24µm
_0564_,16.22µm
_1163_,16.2µm
_0430_,16.12µm
_0800_,16.12µm
net407,16.02µm
_0320_,16µm
_0952_,16µm
enable,15.91µm
_0634_,15.84µm
_0770_,15.82µm
net353,15.81µm
_0988_,15.8µm
r3_prod_mant\[13\],15.8µm
net217,15.8µm
net338,15.72µm
net626,15.72µm
acc_out[0],15.7µm
acc_out[2],15.7µm
net637,15.68µm
_1030_,15.62µm
_0297_,15.6µm
net416,15.6µm
_0983_,15.56µm
_1104_,15.5µm
acc_out[14],15.41µm
_0887_,15.4µm
net663,15.4µm
_0749_,15.34µm
_0636_,15.33µm
_0218_,15.3µm
_0849_,15.22µm
net318,15.22µm
net497,15.215µm
net221,15.18µm
_1022_,15.14µm
_0890_,15.05µm
_0597_,15.04µm
_0964_,15.04µm
_0583_,15.02µm
acc_out[13],14.95µm
_0752_,14.94µm
_1097_,14.94µm
_0712_,14.92µm
_0299_,14.9µm
_0895_,14.88µm
_0138_,14.87µm
_0857_,14.86µm
_0989_,14.82µm
net562,14.8µm
_0796_,14.77µm
_0575_,14.68µm
_0738_,14.68µm
_0352_,14.66µm
_0059_,14.64µm
_1116_,14.58µm
net517,14.58µm
_0331_,14.56µm
_1013_,14.54µm
_0289_,14.51µm
_0095_,14.48µm
net420,14.38µm
_0932_,14.34µm
net500,14.34µm
b_in[0],14.23µm
_0274_,14.22µm
_1012_,14.22µm
net630,14.18µm
net608,14.14µm
_1126_,14.12µm
_0101_,14.1µm
net491,14.1µm
net586,14.1µm
_1252_,14.06µm
_0976_,14.04µm
_0112_,14.02µm
net226,14.02µm
_0870_,13.98µm
_1129_,13.94µm
clear_acc,13.93µm
_1213_,13.93µm
a_out[15],13.88µm
_0385_,13.84µm
_0500_,13.84µm
_0704_,13.77µm
_1098_,13.76µm
net583,13.76µm
_0830_,13.755µm
acc_out[11],13.73µm
_0217_,13.725µm
net359,13.71µm
net333,13.7µm
net518,13.645µm
_0295_,13.62µm
_0566_,13.6µm
_0917_,13.5µm
_0730_,13.485µm
_0565_,13.43µm
_0230_,13.4µm
_0702_,13.4µm
_1147_,13.4µm
_1167_,13.39µm
_0008_,13.38µm
_0117_,13.38µm
net635,13.38µm
_0999_,13.34µm
net385,13.33µm
_0275_,13.28µm
_0272_,13.26µm
_1268_,13.26µm
_0398_,13.24µm
_0238_,13.22µm
_0383_,13.22µm
_0411_,13.18µm
_0930_,13.18µm
_0894_,13.16µm
_1187_,13.14µm
_0406_,13.12µm
_0970_,13.12µm
_1115_,13.1µm
net525,13.1µm
net667,13.1µm
acc_out[4],13.05µm
net590,13.02µm
_0202_,13µm
_0722_,12.96µm
net317,12.96µm
net435,12.96µm
net609,12.96µm
_0705_,12.92µm
_0259_,12.88µm
_1078_,12.86µm
_0590_,12.84µm
_0946_,12.815µm
_0377_,12.8µm
_1229_,12.76µm
a_out[5],12.75µm
net358,12.75µm
_0196_,12.74µm
_0550_,12.72µm
_0888_,12.72µm
_1008_,12.72µm
net659,12.72µm
acc_out[6],12.71µm
_0891_,12.68µm
net618,12.62µm
net673,12.62µm
_0212_,12.56µm
net642,12.56µm
_0378_,12.54µm
_1249_,12.52µm
net633,12.52µm
_0908_,12.5µm
_0631_,12.48µm
_0742_,12.48µm
_1142_,12.48µm
_0576_,12.46µm
_0900_,12.46µm
r3_prod_mant\[3\],12.42µm
_0758_,12.4µm
_0268_,12.34µm
_0700_,12.32µm
_0231_,12.26µm
_0313_,12.24µm
_1180_,12.24µm
_0280_,12.22µm
_0613_,12.22µm
net472,12.205µm
_0417_,12.2µm
_0961_,12.2µm
_0246_,12.18µm
_0776_,12.16µm
_1132_,12.12µm
net557,12.12µm
_0140_,12.08µm
_0608_,12.07µm
_0789_,12.02µm
_0413_,12µm
_0657_,12µm
_1194_,11.96µm
_0179_,11.92µm
net325,11.92µm
_0703_,11.9µm
net252,11.88µm
a_out[3],11.87µm
_0067_,11.84µm
_0160_,11.8µm
_0113_,11.79µm
_0103_,11.78µm
_0733_,11.78µm
net589,11.745µm
_0936_,11.72µm
_1174_,11.72µm
net669,11.72µm
_0593_,11.7µm
_1085_,11.7µm
acc_out[7],11.69µm
acc_out[9],11.69µm
net346,11.67µm
_0944_,11.64µm
_1218_,11.635µm
_0090_,11.6µm
_1211_,11.6µm
_0173_,11.58µm
_0250_,11.58µm
_0934_,11.58µm
net372,11.58µm
_0896_,11.56µm
_0058_,11.54µm
_0357_,11.54µm
acc_out[15],11.51µm
_1198_,11.5µm
_0990_,11.48µm
_0662_,11.46µm
_0745_,11.46µm
_0287_,11.42µm
_0630_,11.42µm
_0708_,11.42µm
_1185_,11.42µm
net356,11.39µm
_0184_,11.38µm
_0143_,11.34µm
_0675_,11.34µm
_0832_,11.32µm
_0318_,11.28µm
net437,11.28µm
_0650_,11.27µm
acc_out[12],11.27µm
_1178_,11.26µm
r3_prod_mant\[5\],11.24µm
_1259_,11.22µm
_0021_,11.215µm
_0412_,11.18µm
_0714_,11.18µm
_0815_,11.18µm
_1159_,11.18µm
_0283_,11.16µm
_0933_,11.12µm
_1157_,11.12µm
_1055_,11.1µm
_0253_,11.08µm
_1275_,11.08µm
net330,11.08µm
_0389_,11.02µm
_1062_,11.02µm
_1237_,11µm
net312,10.98µm
r3_prod_mant\[7\],10.98µm
_0996_,10.96µm
_1277_,10.96µm
_0784_,10.88µm
_0388_,10.82µm
_0115_,10.8µm
_1044_,10.74µm
_0109_,10.72µm
_0172_,10.7µm
net323,10.7µm
_0646_,10.69µm
_0395_,10.66µm
_1301_,10.66µm
_0098_,10.64µm
_0856_,10.62µm
net528,10.6µm
_0979_,10.54µm
_0310_,10.46µm
_0472_,10.42µm
net496,10.42µm
net490,10.405µm
_0277_,10.4µm
_0948_,10.38µm
net334,10.38µm
r3_prod_mant\[9\],10.38µm
a_out[9],10.37µm
_0475_,10.34µm
_0814_,10.34µm
acc_out[8],10.33µm
_0323_,10.28µm
_0356_,10.28µm
_1101_,10.24µm
net576,10.22µm
_0293_,10.2µm
_0824_,10.2µm
_0852_,10.2µm
net446,10.2µm
_1072_,10.18µm
_0300_,10.12µm
_0869_,10.08µm
_0181_,10.04µm
_0585_,10.04µm
_0621_,10.04µm
_1280_,10.04µm
a_out[2],10.03µm
_0965_,10.025µm
_0111_,10µm
_0155_,10µm
net309,9.98µm
_0314_,9.94µm
net646,9.94µm
_0093_,9.925µm
_0384_,9.92µm
_1156_,9.92µm
_0345_,9.9µm
net447,9.9µm
_0846_,9.87µm
net406,9.86µm
_0750_,9.8µm
_0820_,9.8µm
_0552_,9.78µm
_0836_,9.78µm
_0002_,9.7µm
_0080_,9.7µm
_0137_,9.7µm
_0332_,9.7µm
_1082_,9.7µm
net283,9.7µm
_0296_,9.66µm
valid_s0,9.64µm
r3_prod_mant\[10\],9.6µm
_1003_,9.58µm
_1032_,9.56µm
_0883_,9.54µm
_1258_,9.54µm
net443,9.52µm
net360,9.49µm
_0949_,9.48µm
_1227_,9.48µm
net676,9.48µm
_1059_,9.46µm
_0121_,9.44µm
_1206_,9.44µm
_1285_,9.44µm
_1299_,9.38µm
_0647_,9.36µm
_1135_,9.36µm
net644,9.36µm
_0279_,9.32µm
_0354_,9.32µm
_1118_,9.32µm
_1248_,9.32µm
net670,9.28µm
_0669_,9.27µm
_0802_,9.24µm
_1039_,9.24µm
_0381_,9.2µm
_0612_,9.2µm
_0920_,9.2µm
_1103_,9.2µm
_1286_,9.2µm
_0402_,9.16µm
_0829_,9.16µm
_0055_,9.13µm
_1131_,9.12µm
_1182_,9.12µm
_1222_,9.12µm
net613,9.12µm
net324,9.1µm
_0365_,9.08µm
_1244_,9.08µm
net364,9.08µm
net374,9.08µm
net675,9.06µm
_0302_,9.04µm
_1138_,9.04µm
_1223_,9µm
net655,9µm
_0091_,8.98µm
_0981_,8.98µm
_1023_,8.98µm
_0116_,8.96µm
_0476_,8.94µm
_0843_,8.94µm
_0229_,8.9µm
_1014_,8.88µm
_0993_,8.86µm
net376,8.86µm
net602,8.86µm
net634,8.86µm
net578,8.825µm
_0787_,8.82µm
_1294_,8.8µm
_0097_,8.78µm
_0185_,8.78µm
_1064_,8.74µm
_1220_,8.7µm
net664,8.7µm
_0264_,8.66µm
_0923_,8.66µm
_0937_,8.66µm
_1266_,8.66µm
_0147_,8.62µm
_0688_,8.62µm
net540,8.62µm
_0838_,8.6µm
net442,8.6µm
_1110_,8.59µm
_0176_,8.58µm
_0193_,8.56µm
net216,8.56µm
_0676_,8.54µm
_0373_,8.52µm
net551,8.52µm
_0715_,8.5µm
_0133_,8.46µm
_0782_,8.44µm
_0809_,8.44µm
_0224_,8.4µm
_1067_,8.4µm
_1111_,8.4µm
_1184_,8.39µm
_0243_,8.32µm
_0794_,8.32µm
_1271_,8.32µm
_0129_,8.28µm
_0922_,8.28µm
net640,8.28µm
_0207_,8.24µm
_0372_,8.24µm
_0798_,8.23µm
net523,8.22µm
_0633_,8.2µm
_0778_,8.2µm
_0780_,8.2µm
_0977_,8.2µm
_1246_,8.14µm
_0199_,8.12µm
_0257_,8.12µm
_1007_,8.08µm
_1069_,8.08µm
_0911_,8.06µm
net341,8.04µm
net569,8.02µm
_0122_,8µm
net350,7.99µm
_0089_,7.98µm
_1077_,7.94µm
_1160_,7.94µm
_0108_,7.88µm
_0772_,7.875µm
_0248_,7.86µm
_0254_,7.86µm
_0361_,7.855µm
_0992_,7.84µm
r3_prod_mant\[2\],7.84µm
_0190_,7.78µm
_0671_,7.78µm
_0956_,7.78µm
_1176_,7.78µm
_0170_,7.74µm
_0284_,7.74µm
_0362_,7.74µm
_1083_,7.74µm
_1136_,7.74µm
_0659_,7.7µm
_0628_,7.66µm
_1079_,7.66µm
_0203_,7.64µm
_0864_,7.64µm
acc_out[10],7.61µm
acc_out[5],7.61µm
_0241_,7.6µm
_0709_,7.6µm
_0935_,7.6µm
_1265_,7.6µm
_0591_,7.56µm
_0743_,7.52µm
_1117_,7.52µm
_1225_,7.52µm
_1241_,7.5µm
_0607_,7.48µm
_0624_,7.48µm
_0783_,7.48µm
_0785_,7.48µm
_1053_,7.48µm
net377,7.48µm
net440,7.48µm
_0602_,7.44µm
_0806_,7.42µm
_0397_,7.4µm
_0478_,7.4µm
_0719_,7.4µm
_0009_,7.385µm
_0191_,7.38µm
_0541_,7.38µm
_0457_,7.345µm
_0220_,7.32µm
_0100_,7.28µm
_0263_,7.28µm
_0690_,7.28µm
_0811_,7.28µm
_0845_,7.28µm
_1037_,7.28µm
_1093_,7.28µm
_1281_,7.28µm
_1284_,7.28µm
_0232_,7.24µm
_0556_,7.24µm
_0617_,7.24µm
_1035_,7.24µm
_1302_,7.24µm
net623,7.24µm
_1054_,7.22µm
_0692_,7.2µm
_0902_,7.2µm
r3_prod_mant\[0\],7.2µm
_0017_,7.185µm
_0267_,7.18µm
_0405_,7.18µm
_0813_,7.18µm
_0847_,7.18µm
_0867_,7.16µm
_0376_,7.14µm
_0915_,7.14µm
_1043_,7.12µm
_0131_,7.1µm
_0756_,7.1µm
_1123_,7.1µm
_0162_,7.08µm
_0348_,7.08µm
_1173_,7.08µm
_0844_,7.04µm
net593,6.985µm
_0192_,6.98µm
_0337_,6.98µm
_0099_,6.94µm
_0167_,6.94µm
_0235_,6.94µm
_0265_,6.94µm
_0421_,6.94µm
_0448_,6.94µm
_0540_,6.94µm
_0812_,6.94µm
_0817_,6.94µm
_1010_,6.91µm
net531,6.9µm
_0994_,6.86µm
net559,6.86µm
_0740_,6.84µm
net246,6.82µm
_0182_,6.82µm
_1041_,6.82µm
_1068_,6.82µm
_1141_,6.82µm
_1190_,6.82µm
_1243_,6.82µm
_0223_,6.74µm
_0741_,6.74µm
_0226_,6.72µm
_0455_,6.72µm
_0523_,6.72µm
_0903_,6.72µm
_1197_,6.72µm
_1130_,6.7µm
net650,6.7µm
_1089_,6.66µm
net534,6.645µm
_0696_,6.64µm
_0831_,6.64µm
_0842_,6.64µm
_0154_,6.6µm
_0211_,6.6µm
_0237_,6.6µm
_0394_,6.6µm
_0682_,6.6µm
_1273_,6.6µm
net,6.6µm
net421,6.525µm
_0159_,6.52µm
_1283_,6.52µm
_1024_,6.5µm
_0057_,6.48µm
_0083_,6.48µm
_0141_,6.48µm
_0240_,6.48µm
_0271_,6.48µm
_0718_,6.48µm
_1210_,6.48µm
_0866_,6.4µm
_0907_,6.4µm
_1096_,6.4µm
_0056_,6.37µm
_0681_,6.36µm
_0723_,6.36µm
_1011_,6.36µm
_1143_,6.36µm
_1209_,6.36µm
_1232_,6.36µm
_1134_,6.34µm
net677,6.32µm
_0942_,6.3µm
net621,6.3µm
_0761_,6.28µm
_0007_,6.26µm
_0082_,6.26µm
_0695_,6.26µm
_0863_,6.26µm
_0963_,6.26µm
net422,6.26µm
_0910_,6.24µm
_0924_,6.24µm
_1149_,6.215µm
_0334_,6.2µm
_0294_,6.18µm
_0555_,6.18µm
_1061_,6.18µm
_0125_,6.16µm
_0369_,6.16µm
_0905_,6.16µm
_0208_,6.14µm
_0686_,6.14µm
_0773_,6.14µm
_0808_,6.14µm
_1219_,6.14µm
_0146_,6.06µm
_0732_,6.06µm
_0363_,6.04µm
_0342_,6.02µm
_0351_,6.02µm
_0706_,6.02µm
_0754_,6.02µm
_0986_,6.02µm
_1200_,6.02µm
_1205_,6.02µm
_0997_,5.98µm
_0051_,5.94µm
_0335_,5.94µm
_0664_,5.94µm
_0769_,5.94µm
_0823_,5.94µm
_1052_,5.94µm
r3_prod_mant\[12\],5.94µm
_0214_,5.92µm
_0755_,5.9µm
_1060_,5.9µm
_1144_,5.9µm
_0200_,5.86µm
_0691_,5.86µm
net449,5.86µm
net672,5.86µm
_0022_,5.845µm
_0859_,5.84µm
_0291_,5.82µm
_0497_,5.82µm
_0862_,5.82µm
_0925_,5.82µm
_0940_,5.82µm
_1090_,5.82µm
_0213_,5.8µm
_0620_,5.8µm
_0660_,5.8µm
net638,5.8µm
_0400_,5.795µm
_0609_,5.745µm
_1099_,5.73µm
net541,5.725µm
_0187_,5.72µm
_0236_,5.72µm
_1063_,5.72µm
_1166_,5.72µm
_1208_,5.72µm
_0777_,5.7µm
_0106_,5.68µm
_0186_,5.68µm
_0526_,5.68µm
_0587_,5.68µm
_0897_,5.68µm
_1140_,5.68µm
_1242_,5.68µm
_0228_,5.6µm
_0658_,5.6µm
_0139_,5.56µm
_0145_,5.56µm
_0164_,5.56µm
_0205_,5.56µm
_0227_,5.56µm
_0442_,5.56µm
_0543_,5.56µm
_0670_,5.56µm
_1047_,5.56µm
net367,5.56µm
net671,5.52µm
_0939_,5.48µm
_0766_,5.44µm
_0840_,5.44µm
_0848_,5.44µm
_0909_,5.44µm
_1081_,5.44µm
_1073_,5.38µm
_0724_,5.36µm
_1087_,5.36µm
_1088_,5.36µm
_0006_,5.34µm
_0033_,5.34µm
_0060_,5.34µm
_0180_,5.34µm
_0255_,5.34µm
_0549_,5.34µm
_0618_,5.34µm
_0839_,5.34µm
_1094_,5.34µm
net558,5.34µm
_0477_,5.305µm
_1230_,5.305µm
_0463_,5.26µm
_0822_,5.26µm
_1027_,5.26µm
_1112_,5.26µm
_1113_,5.26µm
_1133_,5.26µm
net660,5.26µm
net668,5.26µm
_1278_,5.235µm
_0177_,5.22µm
_0239_,5.22µm
_0285_,5.22µm
_0403_,5.22µm
_0484_,5.22µm
_0496_,5.22µm
net320,5.22µm
_1201_,5.19µm
_0032_,5.14µm
_0165_,5.14µm
_0407_,5.14µm
_0490_,5.14µm
_0906_,5.14µm
_1240_,5.12µm
_1261_,5.12µm
_0118_,5.1µm
_0247_,5.1µm
_0251_,5.1µm
_0507_,5.1µm
_0626_,5.1µm
_0667_,5.1µm
_0684_,5.1µm
_0765_,5.1µm
_0768_,5.1µm
_0788_,5.1µm
_0858_,5.1µm
_1049_,5.1µm
_1193_,5.1µm
_0136_,5.06µm
_0183_,5.02µm
_0234_,5.02µm
_0554_,5.02µm
_1250_,5.02µm
_0728_,5µm
net419,5µm
_1105_,4.95µm
_0301_,4.94µm
net310,4.94µm
_0052_,4.92µm
_0171_,4.92µm
_0434_,4.92µm
_1015_,4.92µm
_0370_,4.9µm
_0699_,4.9µm
_0102_,4.88µm
_0134_,4.88µm
_0256_,4.88µm
_0282_,4.88µm
_0304_,4.88µm
_0485_,4.88µm
_0661_,4.88µm
_1031_,4.88µm
_1171_,4.88µm
_1175_,4.88µm
_1251_,4.88µm
_1264_,4.88µm
_0444_,4.845µm
_1216_,4.845µm
_1183_,4.84µm
_0443_,4.835µm
_1046_,4.83µm
_1139_,4.82µm
net547,4.82µm
_0305_,4.8µm
_0387_,4.8µm
_0431_,4.8µm
_0482_,4.8µm
_1170_,4.8µm
_1207_,4.8µm
net439,4.765µm
_0495_,4.76µm
_0542_,4.76µm
_0921_,4.76µm
_0945_,4.76µm
_0985_,4.76µm
_1238_,4.76µm
net628,4.76µm
_0087_,4.73µm
_0249_,4.68µm
_0792_,4.68µm
net326,4.68µm
_0261_,4.66µm
net498,4.635µm
_0462_,4.625µm
_0468_,4.625µm
_0959_,4.615µm
_0120_,4.6µm
_1033_,4.6µm
net548,4.6µm
_0489_,4.585µm
_0835_,4.58µm
_0061_,4.56µm
_0683_,4.56µm
_0797_,4.56µm
_0868_,4.56µm
_0881_,4.56µm
_0980_,4.56µm
_1026_,4.56µm
_1161_,4.56µm
_1295_,4.56µm
_1279_,4.49µm
_0029_,4.485µm
_0437_,4.48µm
_1021_,4.48µm
_0771_,4.46µm
net448,4.46µm
_0084_,4.44µm
_0562_,4.44µm
_0601_,4.44µm
_0786_,4.44µm
_0810_,4.44µm
_1100_,4.44µm
net253,4.44µm
_0514_,4.42µm
_0533_,4.42µm
_0534_,4.42µm
_0544_,4.42µm
_0559_,4.42µm
_0735_,4.42µm
_0801_,4.42µm
_0889_,4.42µm
_1048_,4.42µm
_1125_,4.42µm
_0791_,4.37µm
_0901_,4.37µm
_0374_,4.36µm
_0013_,4.34µm
_0364_,4.34µm
_0687_,4.34µm
_1070_,4.34µm
net411,4.34µm
net567,4.34µm
_0493_,4.295µm
_0720_,4.27µm
_0281_,4.22µm
_0871_,4.22µm
_0947_,4.22µm
_0998_,4.22µm
_1114_,4.22µm
_0807_,4.15µm
_0144_,4.12µm
net482,4.12µm
_0340_,4.1µm
_0460_,4.1µm
_0470_,4.1µm
_1102_,4.1µm
_0201_,4.03µm
_0233_,4.03µm
_0841_,4.03µm
_0929_,4.03µm
_1189_,4.03µm
_0393_,4.02µm
net371,4.02µm
_0124_,4µm
_0379_,4µm
_1196_,4µm
net645,4µm
_0166_,3.99µm
_1186_,3.98µm
_0879_,3.95µm
_0827_,3.91µm
_0049_,3.88µm
_0333_,3.88µm
_0456_,3.88µm
_0516_,3.88µm
_0530_,3.88µm
_0539_,3.88µm
_0837_,3.88µm
_0753_,3.87µm
_0050_,3.76µm
_0189_,3.76µm
_0637_,3.76µm
_0663_,3.76µm
net220,3.76µm
_1239_,3.76µm
_0453_,3.74µm
_0466_,3.74µm
net503,3.735µm
_0028_,3.705µm
_0501_,3.685µm
_0054_,3.68µm
_1066_,3.66µm
net401,3.66µm
_0474_,3.64µm
_0747_,3.64µm
_0960_,3.64µm
net373,3.64µm
net375,3.64µm
net606,3.56µm
_0119_,3.54µm
_0206_,3.54µm
_0209_,3.54µm
_0409_,3.54µm
_1158_,3.54µm
net614,3.54µm
_0748_,3.52µm
_0885_,3.52µm
_1191_,3.52µm
_1267_,3.52µm
_1092_,3.47µm
_1137_,3.45µm
_0174_,3.42µm
_0338_,3.42µm
_0449_,3.42µm
_0465_,3.42µm
_0479_,3.42µm
_0492_,3.42µm
_0499_,3.42µm
_0510_,3.42µm
_0725_,3.42µm
_0962_,3.42µm
_1224_,3.42µm
_1255_,3.42µm
_1291_,3.42µm
_1296_,3.42µm
net598,3.42µm
net661,3.42µm
_0764_,3.4µm
_0795_,3.35µm
_1036_,3.35µm
_0390_,3.3µm
_0452_,3.3µm
_0506_,3.3µm
_0876_,3.3µm
_1231_,3.3µm
net402,3.3µm
net469,3.225µm
net488,3.22µm
_0016_,3.2µm
_0312_,3.2µm
_0270_,3.18µm
_1148_,3.18µm
net430,3.125µm
net436,3.105µm
net539,3.1µm
_0053_,3.08µm
_0085_,3.08µm
_0135_,3.08µm
_0188_,3.08µm
_0653_,3.08µm
_0751_,3.08µm
_0953_,3.08µm
_0967_,3.08µm
_1235_,3.08µm
net362,3.08µm
net369,3.08µm
_0616_,3.06µm
_0707_,3.06µm
_1152_,3.06µm
_1236_,3.06µm
_0030_,3.045µm
net412,3.045µm
_0450_,2.995µm
_1228_,2.995µm
_0525_,2.99µm
_0114_,2.98µm
_0435_,2.98µm
_0461_,2.98µm
_0467_,2.98µm
_0126_,2.96µm
_0130_,2.96µm
_0319_,2.96µm
_0415_,2.96µm
_0522_,2.96µm
_0538_,2.96µm
_0553_,2.96µm
_0913_,2.96µm
_0978_,2.96µm
_1080_,2.96µm
_1262_,2.96µm
_1272_,2.96µm
net521,2.96µm
net596,2.96µm
_0627_,2.91µm
_0668_,2.91µm
_1051_,2.89µm
_0014_,2.885µm
_0019_,2.885µm
_0104_,2.84µm
_0225_,2.84µm
_0276_,2.84µm
_0367_,2.84µm
_0454_,2.84µm
_0515_,2.84µm
_1018_,2.84µm
_1256_,2.84µm
net404,2.785µm
_0066_,2.76µm
_0464_,2.76µm
_1009_,2.76µm
net592,2.76µm
net603,2.76µm
net665,2.76µm
_0081_,2.72µm
_0426_,2.72µm
_0546_,2.72µm
_0781_,2.72µm
net409,2.715µm
_0951_,2.68µm
_0512_,2.64µm
net622,2.64µm
_0004_,2.62µm
_0062_,2.62µm
_0096_,2.62µm
_0127_,2.62µm
_1019_,2.62µm
net370,2.62µm
_0498_,2.54µm
_0503_,2.54µm
_0163_,2.535µm
_1288_,2.52µm
net522,2.52µm
_0064_,2.5µm
_0204_,2.5µm
_0336_,2.5µm
_0347_,2.5µm
_0391_,2.5µm
_0469_,2.5µm
_0487_,2.5µm
_0488_,2.5µm
_0513_,2.5µm
_0517_,2.5µm
_0519_,2.5µm
_0531_,2.5µm
_0532_,2.5µm
_0537_,2.5µm
_0570_,2.5µm
_1025_,2.5µm
_1034_,2.5µm
_1124_,2.5µm
_1169_,2.5µm
net365,2.5µm
net329,2.5µm
net604,2.5µm
net605,2.5µm
net649,2.5µm
_0926_,2.43µm
_0027_,2.425µm
net457,2.425µm
_0309_,2.38µm
_0459_,2.38µm
_0521_,2.38µm
_0568_,2.38µm
_0665_,2.38µm
_1084_,2.38µm
_1188_,2.38µm
_0026_,2.375µm
_0195_,2.375µm
net415,2.325µm
_0290_,2.3µm
_0366_,2.3µm
_0520_,2.3µm
_0535_,2.3µm
_0545_,2.3µm
_0775_,2.3µm
_0805_,2.3µm
_0955_,2.3µm
_1298_,2.3µm
net616,2.3µm
net674,2.3µm
_0427_,2.28µm
_0598_,2.28µm
_1195_,2.28µm
net584,2.205µm
_0168_,2.18µm
_0311_,2.18µm
_0645_,2.18µm
_0656_,2.18µm
_0793_,2.18µm
_0950_,2.18µm
_0987_,2.18µm
_1181_,2.18µm
_1276_,2.18µm
_0010_,2.16µm
_0123_,2.16µm
_0156_,2.16µm
_0350_,2.16µm
_0355_,2.16µm
_0558_,2.16µm
_0916_,2.16µm
_0975_,2.16µm
_0991_,2.16µm
_1045_,2.16µm
_1214_,2.16µm
_1257_,2.16µm
_1292_,2.16µm
net530,2.16µm
net585,2.16µm
net662,2.16µm
_0473_,2.145µm
_0483_,2.145µm
net573,2.125µm
_0480_,2.085µm
net445,2.085µm
net514,2.085µm
_0018_,2.08µm
net322,2.06µm
net368,2.06µm
_0266_,2.04µm
_0273_,2.04µm
_0286_,2.04µm
_0303_,2.04µm
_0339_,2.04µm
_0341_,2.04µm
_0408_,2.04µm
_0424_,2.04µm
_0561_,2.04µm
_0717_,2.04µm
_0739_,2.04µm
_0854_,2.04µm
_0872_,2.04µm
_0875_,2.04µm
_0898_,2.04µm
_0918_,2.04µm
_0941_,2.04µm
_0966_,2.04µm
_0982_,2.04µm
_0995_,2.04µm
_1038_,2.04µm
_1300_,2.04µm
net363,2.04µm
_0882_,1.915µm
_0023_,1.865µm
_0025_,1.865µm
_0486_,1.865µm
net519,1.865µm
_0158_,1.84µm
_0306_,1.84µm
_0358_,1.84µm
_0502_,1.84µm
_0726_,1.84µm
_1215_,1.84µm
net601,1.84µm
_0110_,1.82µm
_0441_,1.82µm
_0447_,1.82µm
net515,1.82µm
_0012_,1.74µm
_0491_,1.72µm
_1164_,1.72µm
_0086_,1.7µm
_0307_,1.7µm
_0344_,1.7µm
_0410_,1.7µm
_0571_,1.7µm
_0737_,1.7µm
_0790_,1.7µm
_0984_,1.7µm
_1001_,1.7µm
_1040_,1.7µm
_1086_,1.7µm
_1091_,1.7µm
_1120_,1.7µm
net366,1.7µm
net610,1.7µm
_0011_,1.685µm
_0024_,1.685µm
net433,1.685µm
net352,1.6µm
_0451_,1.575µm
net424,1.575µm
net427,1.575µm
_0015_,1.38µm
_0065_,1.38µm
_0149_,1.38µm
net405,1.38µm
net499,1.38µm
net657,1.38µm
_0317_,1.36µm
net331,1.36µm
_0481_,1.26µm
_0731_,1.26µm
_0494_,1.02µm
_0092_,0.92µm
_0152_,0.92µm
_0175_,0.92µm
_0216_,0.92µm
_0269_,0.92µm
_0396_,0.92µm
_0414_,0.92µm
_0471_,0.92µm
_0529_,0.92µm
_0557_,0.92µm
_0652_,0.92µm
_0969_,0.92µm
_1199_,0.92µm
net594,0.92µm
net611,0.92µm
net627,0.92µm
net651,0.92µm
_0107_,0.46µm
_0245_,0.46µm
_0353_,0.46µm
_0536_,0.46µm
net516,0.46µm
net612,0.46µm
