Metric,Value
design__lint_error__count,0
design__lint_timing_construct__count,0
design__lint_warning__count,537
design__inferred_latch__count,0
design__instance__count,442850
design__instance__area,3316040
design__instance_unmapped__count,0
synthesis__check_error__count,0
design__max_slew_violation__count__corner:nom_tt_025C_1v80,0
design__max_fanout_violation__count__corner:nom_tt_025C_1v80,0
design__max_cap_violation__count__corner:nom_tt_025C_1v80,0
power__internal__total,0.10177065432071686
power__switching__total,0.03063330054283142
power__leakage__total,2.590429403426242e-06
power__total,0.132406547665596
clock__skew__worst_hold__corner:nom_tt_025C_1v80,-0.5094445010041413
clock__skew__worst_setup__corner:nom_tt_025C_1v80,0.477376596209321
timing__hold__ws__corner:nom_tt_025C_1v80,0.26902569822205546
timing__setup__ws__corner:nom_tt_025C_1v80,10.932826509106771
timing__hold__tns__corner:nom_tt_025C_1v80,0
timing__setup__tns__corner:nom_tt_025C_1v80,0
timing__hold__wns__corner:nom_tt_025C_1v80,0
timing__setup__wns__corner:nom_tt_025C_1v80,0
timing__hold_vio__count__corner:nom_tt_025C_1v80,0
timing__hold_r2r__ws__corner:nom_tt_025C_1v80,0.269026
timing__hold_r2r_vio__count__corner:nom_tt_025C_1v80,0
timing__setup_vio__count__corner:nom_tt_025C_1v80,0
timing__setup_r2r__ws__corner:nom_tt_025C_1v80,10.932826
timing__setup_r2r_vio__count__corner:nom_tt_025C_1v80,0
design__max_slew_violation__count__corner:nom_ss_100C_1v60,0
design__max_fanout_violation__count__corner:nom_ss_100C_1v60,0
design__max_cap_violation__count__corner:nom_ss_100C_1v60,0
clock__skew__worst_hold__corner:nom_ss_100C_1v60,-0.6894169874563668
clock__skew__worst_setup__corner:nom_ss_100C_1v60,0.6421054980577203
timing__hold__ws__corner:nom_ss_100C_1v60,0.8021152857841822
timing__setup__ws__corner:nom_ss_100C_1v60,2.0777158359663197
timing__hold__tns__corner:nom_ss_100C_1v60,0
timing__setup__tns__corner:nom_ss_100C_1v60,0
timing__hold__wns__corner:nom_ss_100C_1v60,0
timing__setup__wns__corner:nom_ss_100C_1v60,0
timing__hold_vio__count__corner:nom_ss_100C_1v60,0
timing__hold_r2r__ws__corner:nom_ss_100C_1v60,0.802115
timing__hold_r2r_vio__count__corner:nom_ss_100C_1v60,0
timing__setup_vio__count__corner:nom_ss_100C_1v60,0
timing__setup_r2r__ws__corner:nom_ss_100C_1v60,2.077716
timing__setup_r2r_vio__count__corner:nom_ss_100C_1v60,0
design__max_slew_violation__count__corner:nom_ff_n40C_1v95,0
design__max_fanout_violation__count__corner:nom_ff_n40C_1v95,0
design__max_cap_violation__count__corner:nom_ff_n40C_1v95,0
clock__skew__worst_hold__corner:nom_ff_n40C_1v95,-0.4320477153885464
clock__skew__worst_setup__corner:nom_ff_n40C_1v95,0.40860113671297815
timing__hold__ws__corner:nom_ff_n40C_1v95,0.07926592939714111
timing__setup__ws__corner:nom_ff_n40C_1v95,14.039840798454659
timing__hold__tns__corner:nom_ff_n40C_1v95,0
timing__setup__tns__corner:nom_ff_n40C_1v95,0
timing__hold__wns__corner:nom_ff_n40C_1v95,0
timing__setup__wns__corner:nom_ff_n40C_1v95,0
timing__hold_vio__count__corner:nom_ff_n40C_1v95,0
timing__hold_r2r__ws__corner:nom_ff_n40C_1v95,0.079266
timing__hold_r2r_vio__count__corner:nom_ff_n40C_1v95,0
timing__setup_vio__count__corner:nom_ff_n40C_1v95,0
timing__setup_r2r__ws__corner:nom_ff_n40C_1v95,14.039841
timing__setup_r2r_vio__count__corner:nom_ff_n40C_1v95,0
design__max_slew_violation__count,0
design__max_fanout_violation__count,0
design__max_cap_violation__count,0
clock__skew__worst_hold,-0.41987745024840684
clock__skew__worst_setup,0.4039827198222222
timing__hold__ws,0.07926592939714111
timing__setup__ws,1.5284840492588205
timing__hold__tns,0
timing__setup__tns,0
timing__hold__wns,0
timing__setup__wns,0
timing__hold_vio__count,0
timing__hold_r2r__ws,0.079266
timing__hold_r2r_vio__count,0
timing__setup_vio__count,0
timing__setup_r2r__ws,1.528484
timing__setup_r2r_vio__count,0
design__die__bbox,0.0 0.0 1500.0 2250.0
design__core__bbox,5.52 10.88 1494.08 2238.56
design__io,120
design__die__area,3375000
design__core__area,3316040
design__instance__count__stdcell,219820
design__instance__area__stdcell,1633720
design__instance__count__macros,0
design__instance__area__macros,0
design__instance__count__padcells,0
design__instance__area__padcells,0
design__instance__count__cover,0
design__instance__area__cover,0
design__instance__utilization,0.492674
design__instance__utilization__stdcell,0.492674
design__rows,819
design__rows:unithd,819
design__sites,2650284
design__sites:unithd,2650284
design__instance__count__class:inverter,3913
design__instance__area__class:inverter,14689.1
design__instance__count__class:sequential_cell,16627
design__instance__area__class:sequential_cell,362468
design__instance__count__class:multi_input_combinational_cell,103076
design__instance__area__class:multi_input_combinational_cell,685575
flow__warnings__count,1
flow__errors__count,0
flow__warnings__count:ODB-0220,3
flow__warnings__count:ORD-2056,1
flow__warnings__count:STA-0441,2
flow__warnings__count:STA-1173,7
flow__warnings__type_count,1
flow__warnings__count:ORD-0039,1
design__instance__count__class:fill_cell,223030
design__instance__area__class:fill_cell,1682310
design__instance__count__class:tap_cell,47207
design__instance__area__class:tap_cell,59065.4
design__power_grid_violation__count__net:VPWR,0
design__power_grid_violation__count__net:VGND,0
design__power_grid_violation__count,0
floorplan__design__io,118
design__io__hpwl,171610027
design__instance__count__class:timing_repair_buffer,41301
design__instance__area__class:timing_repair_buffer,355470
flow__warnings__count:GRT-0281,1
design__max_slew_violation__count__corner:max_ss_100C_1v60,0
design__max_fanout_violation__count__corner:max_ss_100C_1v60,0
design__max_cap_violation__count__corner:max_ss_100C_1v60,0
clock__skew__worst_hold__corner:max_ss_100C_1v60,-0.6944551796846056
clock__skew__worst_setup__corner:max_ss_100C_1v60,0.6415703705447166
timing__hold__ws__corner:max_ss_100C_1v60,0.7985030640491012
timing__setup__ws__corner:max_ss_100C_1v60,1.5284840492588205
timing__hold__tns__corner:max_ss_100C_1v60,0
timing__setup__tns__corner:max_ss_100C_1v60,0
timing__hold__wns__corner:max_ss_100C_1v60,0
timing__setup__wns__corner:max_ss_100C_1v60,0
timing__hold_vio__count__corner:max_ss_100C_1v60,0
timing__hold_r2r__ws__corner:max_ss_100C_1v60,0.798503
timing__hold_r2r_vio__count__corner:max_ss_100C_1v60,0
timing__setup_vio__count__corner:max_ss_100C_1v60,0
timing__setup_r2r__ws__corner:max_ss_100C_1v60,1.528484
timing__setup_r2r_vio__count__corner:max_ss_100C_1v60,0
timing__drv__floating__nets,2
timing__drv__floating__pins,0
design__instance__displacement__total,197.2
design__instance__displacement__mean,0
design__instance__displacement__max,10.04
route__wirelength__estimated,7063670
design__violations,0
flow__warnings__count:RSZ-0020,1
flow__warnings__count:RSZ-0065,1
flow__warnings__count:STA-1111,12
flow__warnings__count:STA-1140,52
design__instance__count__class:clock_buffer,6258
design__instance__area__class:clock_buffer,151645
design__instance__count__class:clock_inverter,687
design__instance__area__class:clock_inverter,2856.49
design__instance__count__setup_buffer,0
design__instance__count__hold_buffer,25
global_route__vias,34
global_route__wirelength,10167984
antenna__violating__nets,0
antenna__violating__pins,0
route__antenna_violation__count,0
flow__warnings__count:EST-0026,1001
antenna_diodes_count,2
design__instance__count__class:antenna_cell,736
design__instance__area__class:antenna_cell,1841.77
route__net,170574
route__net__special,2
route__drc_errors__iter:0,36
route__wirelength__iter:0,7570382
route__drc_errors__iter:1,2
route__wirelength__iter:1,7570375
route__drc_errors__iter:2,1
route__wirelength__iter:2,7570379
route__drc_errors__iter:3,0
route__wirelength__iter:3,7570382
route__drc_errors__iter:4,0
route__wirelength__iter:4,7570363
route__drc_errors__iter:5,115
route__wirelength__iter:5,7570301
route__drc_errors__iter:6,68
route__wirelength__iter:6,7570275
route__drc_errors__iter:7,40
route__wirelength__iter:7,7570247
route__drc_errors__iter:8,20
route__wirelength__iter:8,7570247
route__drc_errors__iter:9,19
route__wirelength__iter:9,7570246
route__drc_errors__iter:10,8
route__wirelength__iter:10,7570243
route__drc_errors__iter:11,8
route__wirelength__iter:11,7570243
route__drc_errors__iter:12,0
route__wirelength__iter:12,7570262
route__drc_errors__iter:13,70
route__wirelength__iter:13,7569637
route__drc_errors__iter:14,49
route__wirelength__iter:14,7569667
route__drc_errors__iter:15,49
route__wirelength__iter:15,7569667
route__drc_errors__iter:16,9
route__wirelength__iter:16,7569694
route__drc_errors__iter:17,9
route__wirelength__iter:17,7569694
route__drc_errors__iter:18,4
route__wirelength__iter:18,7569688
route__drc_errors__iter:19,4
route__wirelength__iter:19,7569688
route__drc_errors__iter:20,2
route__wirelength__iter:20,7569688
route__drc_errors__iter:21,2
route__wirelength__iter:21,7569688
route__drc_errors__iter:22,0
route__wirelength__iter:22,7569713
route__drc_errors,0
route__wirelength,7570382
route__vias,1286311
route__vias__singlecut,1286311
route__vias__multicut,0
flow__warnings__count:DRT-0349,10
flow__warnings__count:GRT-0243,1
design__disconnected_pin__count,0
design__critical_disconnected_pin__count,0
route__wirelength__max,1805.22
design__instance__count__class:buffer,15
design__instance__area__class:buffer,112.608
timing__unannotated_net__count__corner:nom_tt_025C_1v80,1360
timing__unannotated_net_filtered__count__corner:nom_tt_025C_1v80,0
timing__unannotated_net__count__corner:nom_ss_100C_1v60,1360
timing__unannotated_net_filtered__count__corner:nom_ss_100C_1v60,0
timing__unannotated_net__count__corner:nom_ff_n40C_1v95,1360
timing__unannotated_net_filtered__count__corner:nom_ff_n40C_1v95,0
design__max_slew_violation__count__corner:min_tt_025C_1v80,0
design__max_fanout_violation__count__corner:min_tt_025C_1v80,0
design__max_cap_violation__count__corner:min_tt_025C_1v80,0
clock__skew__worst_hold__corner:min_tt_025C_1v80,-0.49451599770361465
clock__skew__worst_setup__corner:min_tt_025C_1v80,0.4711986489917676
timing__hold__ws__corner:min_tt_025C_1v80,0.27096059496409486
timing__setup__ws__corner:min_tt_025C_1v80,11.203053912764668
timing__hold__tns__corner:min_tt_025C_1v80,0
timing__setup__tns__corner:min_tt_025C_1v80,0
timing__hold__wns__corner:min_tt_025C_1v80,0
timing__setup__wns__corner:min_tt_025C_1v80,0
timing__hold_vio__count__corner:min_tt_025C_1v80,0
timing__hold_r2r__ws__corner:min_tt_025C_1v80,0.270961
timing__hold_r2r_vio__count__corner:min_tt_025C_1v80,0
timing__setup_vio__count__corner:min_tt_025C_1v80,0
timing__setup_r2r__ws__corner:min_tt_025C_1v80,11.203053
timing__setup_r2r_vio__count__corner:min_tt_025C_1v80,0
timing__unannotated_net__count__corner:min_tt_025C_1v80,1360
timing__unannotated_net_filtered__count__corner:min_tt_025C_1v80,0
design__max_slew_violation__count__corner:min_ss_100C_1v60,0
design__max_fanout_violation__count__corner:min_ss_100C_1v60,0
design__max_cap_violation__count__corner:min_ss_100C_1v60,0
clock__skew__worst_hold__corner:min_ss_100C_1v60,-0.666701379640885
clock__skew__worst_setup__corner:min_ss_100C_1v60,0.6347642591220645
timing__hold__ws__corner:min_ss_100C_1v60,0.7968332885728404
timing__setup__ws__corner:min_ss_100C_1v60,2.580099762423368
timing__hold__tns__corner:min_ss_100C_1v60,0
timing__setup__tns__corner:min_ss_100C_1v60,0
timing__hold__wns__corner:min_ss_100C_1v60,0
timing__setup__wns__corner:min_ss_100C_1v60,0
timing__hold_vio__count__corner:min_ss_100C_1v60,0
timing__hold_r2r__ws__corner:min_ss_100C_1v60,0.796833
timing__hold_r2r_vio__count__corner:min_ss_100C_1v60,0
timing__setup_vio__count__corner:min_ss_100C_1v60,0
timing__setup_r2r__ws__corner:min_ss_100C_1v60,2.5801
timing__setup_r2r_vio__count__corner:min_ss_100C_1v60,0
timing__unannotated_net__count__corner:min_ss_100C_1v60,1360
timing__unannotated_net_filtered__count__corner:min_ss_100C_1v60,0
design__max_slew_violation__count__corner:min_ff_n40C_1v95,0
design__max_fanout_violation__count__corner:min_ff_n40C_1v95,0
design__max_cap_violation__count__corner:min_ff_n40C_1v95,0
clock__skew__worst_hold__corner:min_ff_n40C_1v95,-0.41987745024840684
clock__skew__worst_setup__corner:min_ff_n40C_1v95,0.4039827198222222
timing__hold__ws__corner:min_ff_n40C_1v95,0.08273204577804931
timing__setup__ws__corner:min_ff_n40C_1v95,14.331706005385248
timing__hold__tns__corner:min_ff_n40C_1v95,0
timing__setup__tns__corner:min_ff_n40C_1v95,0
timing__hold__wns__corner:min_ff_n40C_1v95,0
timing__setup__wns__corner:min_ff_n40C_1v95,0
timing__hold_vio__count__corner:min_ff_n40C_1v95,0
timing__hold_r2r__ws__corner:min_ff_n40C_1v95,0.082732
timing__hold_r2r_vio__count__corner:min_ff_n40C_1v95,0
timing__setup_vio__count__corner:min_ff_n40C_1v95,0
timing__setup_r2r__ws__corner:min_ff_n40C_1v95,14.331706
timing__setup_r2r_vio__count__corner:min_ff_n40C_1v95,0
timing__unannotated_net__count__corner:min_ff_n40C_1v95,1360
timing__unannotated_net_filtered__count__corner:min_ff_n40C_1v95,0
design__max_slew_violation__count__corner:max_tt_025C_1v80,0
design__max_fanout_violation__count__corner:max_tt_025C_1v80,0
design__max_cap_violation__count__corner:max_tt_025C_1v80,0
clock__skew__worst_hold__corner:max_tt_025C_1v80,-0.5158336126469505
clock__skew__worst_setup__corner:max_tt_025C_1v80,0.4808282796905009
timing__hold__ws__corner:max_tt_025C_1v80,0.2741484894471633
timing__setup__ws__corner:max_tt_025C_1v80,10.646030136560766
timing__hold__tns__corner:max_tt_025C_1v80,0
timing__setup__tns__corner:max_tt_025C_1v80,0
timing__hold__wns__corner:max_tt_025C_1v80,0
timing__setup__wns__corner:max_tt_025C_1v80,0
timing__hold_vio__count__corner:max_tt_025C_1v80,0
timing__hold_r2r__ws__corner:max_tt_025C_1v80,0.274148
timing__hold_r2r_vio__count__corner:max_tt_025C_1v80,0
timing__setup_vio__count__corner:max_tt_025C_1v80,0
timing__setup_r2r__ws__corner:max_tt_025C_1v80,10.64603
timing__setup_r2r_vio__count__corner:max_tt_025C_1v80,0
timing__unannotated_net__count__corner:max_tt_025C_1v80,1360
timing__unannotated_net_filtered__count__corner:max_tt_025C_1v80,0
timing__unannotated_net__count__corner:max_ss_100C_1v60,1360
timing__unannotated_net_filtered__count__corner:max_ss_100C_1v60,0
design__max_slew_violation__count__corner:max_ff_n40C_1v95,0
design__max_fanout_violation__count__corner:max_ff_n40C_1v95,0
design__max_cap_violation__count__corner:max_ff_n40C_1v95,0
clock__skew__worst_hold__corner:max_ff_n40C_1v95,-0.44174862240747653
clock__skew__worst_setup__corner:max_ff_n40C_1v95,0.4113647039440341
timing__hold__ws__corner:max_ff_n40C_1v95,0.08062195583776932
timing__setup__ws__corner:max_ff_n40C_1v95,13.744501037447934
timing__hold__tns__corner:max_ff_n40C_1v95,0
timing__setup__tns__corner:max_ff_n40C_1v95,0
timing__hold__wns__corner:max_ff_n40C_1v95,0
timing__setup__wns__corner:max_ff_n40C_1v95,0
timing__hold_vio__count__corner:max_ff_n40C_1v95,0
timing__hold_r2r__ws__corner:max_ff_n40C_1v95,0.080622
timing__hold_r2r_vio__count__corner:max_ff_n40C_1v95,0
timing__setup_vio__count__corner:max_ff_n40C_1v95,0
timing__setup_r2r__ws__corner:max_ff_n40C_1v95,13.744501
timing__setup_r2r_vio__count__corner:max_ff_n40C_1v95,0
timing__unannotated_net__count__corner:max_ff_n40C_1v95,1360
timing__unannotated_net_filtered__count__corner:max_ff_n40C_1v95,0
timing__unannotated_net__count,1360
timing__unannotated_net_filtered__count,0
design_powergrid__voltage__worst__net:VPWR__corner:max_ss_100C_1v60,1.59926
design_powergrid__drop__average__net:VPWR__corner:max_ss_100C_1v60,1.59985
design_powergrid__drop__worst__net:VPWR__corner:max_ss_100C_1v60,0.000737151
design_powergrid__voltage__worst__net:VGND__corner:max_ss_100C_1v60,0.000830978
design_powergrid__drop__average__net:VGND__corner:max_ss_100C_1v60,0.000147913
design_powergrid__drop__worst__net:VGND__corner:max_ss_100C_1v60,0.000830978
design_powergrid__voltage__worst,0.000830978
design_powergrid__voltage__worst__net:VPWR,1.59926
design_powergrid__drop__worst,0.000830978
design_powergrid__drop__worst__net:VPWR,0.000737151
design_powergrid__voltage__worst__net:VGND,0.000830978
design_powergrid__drop__worst__net:VGND,0.000830978
ir__voltage__worst,1.6
ir__drop__avg,0.000148
ir__drop__worst,0.000737
design__xor_difference__count,0
magic__drc_error__count,0
klayout__drc_error__count,0
magic__illegal_overlap__count,0
design__lvs_device_difference__count,0
design__lvs_net_difference__count,0
design__lvs_property_fail__count,0
design__lvs_error__count,0
design__lvs_unmatched_device__count,0
design__lvs_unmatched_net__count,0
design__lvs_unmatched_pin__count,0
